{
  "tech_vocab": {
    "finetune-base": {
      "tech_github": {
        "mean": 0.03131469979296066,
        "std": 0.027660292768021653,
        "count": 5
      },
      "tech_huggingface": {
        "mean": 0.05332193732193732,
        "std": 0.05587668340503217,
        "count": 5
      },
      "tech_docker": {
        "mean": 0.00909090909090909,
        "std": 0.01818181818181818,
        "count": 5
      },
      "ai_ml": {
        "mean": 0.03147046135052132,
        "std": 0.033100389829529786,
        "count": 9
      },
      "local_tools": {
        "mean": 0.09653798480314499,
        "std": 0.07321413078609075,
        "count": 8
      },
      "tech_linux": {
        "mean": 0.04918229918229918,
        "std": 0.041694204041138175,
        "count": 6
      },
      "tech_api": {
        "mean": 0.033102766798418976,
        "std": 0.03620904478374556,
        "count": 4
      },
      "tech_python": {
        "mean": 0.08926580665711101,
        "std": 0.06707192717608812,
        "count": 5
      },
      "tech_web": {
        "mean": 0.09772727272727272,
        "std": 0.05227272727272727,
        "count": 2
      },
      "_overall": {
        "mean": 0.05292784087013181,
        "std": 0.05732850750015145,
        "count": 49
      }
    },
    "finetune-large": {
      "tech_github": {
        "mean": 0.008695652173913044,
        "std": 0.017391304347826087,
        "count": 5
      },
      "tech_huggingface": {
        "mean": 0.030588859416445624,
        "std": 0.02963092634706441,
        "count": 5
      },
      "tech_docker": {
        "mean": 0.00909090909090909,
        "std": 0.01818181818181818,
        "count": 5
      },
      "ai_ml": {
        "mean": 0.01812288300294297,
        "std": 0.0289264554634805,
        "count": 9
      },
      "local_tools": {
        "mean": 0.08131362582878601,
        "std": 0.07265609266896356,
        "count": 8
      },
      "tech_linux": {
        "mean": 0.017195767195767195,
        "std": 0.02442617104843834,
        "count": 6
      },
      "tech_api": {
        "mean": 0.021739130434782608,
        "std": 0.03765327842541037,
        "count": 4
      },
      "tech_python": {
        "mean": 0.0720496894409938,
        "std": 0.07292253476491513,
        "count": 5
      },
      "tech_web": {
        "mean": 0.0,
        "std": 0.0,
        "count": 2
      },
      "_overall": {
        "mean": 0.03277289039146564,
        "std": 0.05179799590722733,
        "count": 49
      }
    },
    "finetune-medium": {
      "tech_github": {
        "mean": 0.017028985507246373,
        "std": 0.020864029056359375,
        "count": 5
      },
      "tech_huggingface": {
        "mean": 0.05340367423126043,
        "std": 0.040732191018553396,
        "count": 5
      },
      "tech_docker": {
        "mean": 0.0,
        "std": 0.0,
        "count": 5
      },
      "ai_ml": {
        "mean": 0.008461047254150703,
        "std": 0.01591947747422466,
        "count": 9
      },
      "local_tools": {
        "mean": 0.058430330634277994,
        "std": 0.06796141556783089,
        "count": 8
      },
      "tech_linux": {
        "mean": 0.022758642323859712,
        "std": 0.022790033509973013,
        "count": 6
      },
      "tech_api": {
        "mean": 0.0,
        "std": 0.0,
        "count": 4
      },
      "tech_python": {
        "mean": 0.06418219461697723,
        "std": 0.08086734955869641,
        "count": 5
      },
      "tech_web": {
        "mean": 0.045454545454545456,
        "std": 0.045454545454545456,
        "count": 2
      },
      "_overall": {
        "mean": 0.029471985448801016,
        "std": 0.04919586967447862,
        "count": 49
      }
    },
    "finetune-small": {
      "tech_github": {
        "mean": 0.015838509316770187,
        "std": 0.01955288973751204,
        "count": 5
      },
      "tech_huggingface": {
        "mean": 0.031099715099715097,
        "std": 0.029715553694636142,
        "count": 5
      },
      "tech_docker": {
        "mean": 0.024475524475524476,
        "std": 0.031584866547234164,
        "count": 5
      },
      "ai_ml": {
        "mean": 0.012292464878671774,
        "std": 0.023880283462726887,
        "count": 9
      },
      "local_tools": {
        "mean": 0.07285340755735492,
        "std": 0.07161762845237579,
        "count": 8
      },
      "tech_linux": {
        "mean": 0.03234728234728235,
        "std": 0.023123382115157076,
        "count": 6
      },
      "tech_api": {
        "mean": 0.0,
        "std": 0.0,
        "count": 4
      },
      "tech_python": {
        "mean": 0.05383022774327122,
        "std": 0.05193345621569572,
        "count": 5
      },
      "tech_web": {
        "mean": 0.06818181818181818,
        "std": 0.06818181818181818,
        "count": 2
      },
      "_overall": {
        "mean": 0.03367605424470655,
        "std": 0.04756768710129545,
        "count": 49
      }
    },
    "finetune-tiny": {
      "tech_github": {
        "mean": 0.08048654244306418,
        "std": 0.042941950076705045,
        "count": 5
      },
      "tech_huggingface": {
        "mean": 0.05260791826309068,
        "std": 0.041053926521678184,
        "count": 5
      },
      "tech_docker": {
        "mean": 0.02558922558922559,
        "std": 0.0211183862364535,
        "count": 5
      },
      "ai_ml": {
        "mean": 0.030114835744520903,
        "std": 0.02932147984700031,
        "count": 9
      },
      "local_tools": {
        "mean": 0.11813295781259169,
        "std": 0.07062663535805755,
        "count": 8
      },
      "tech_linux": {
        "mean": 0.06989668946190684,
        "std": 0.050201514047048694,
        "count": 6
      },
      "tech_api": {
        "mean": 0.021739130434782608,
        "std": 0.03765327842541037,
        "count": 4
      },
      "tech_python": {
        "mean": 0.12487657270265964,
        "std": 0.09430806117704905,
        "count": 5
      },
      "tech_web": {
        "mean": 0.07272727272727272,
        "std": 0.027272727272727275,
        "count": 2
      },
      "_overall": {
        "mean": 0.06705489149299468,
        "std": 0.06436642775636633,
        "count": 49
      }
    },
    "original-base": {
      "tech_github": {
        "mean": 0.05036231884057971,
        "std": 0.061192209082741575,
        "count": 5
      },
      "tech_huggingface": {
        "mean": 0.023692307692307693,
        "std": 0.031851727494418544,
        "count": 5
      },
      "tech_docker": {
        "mean": 0.21818181818181817,
        "std": 0.39143727530201794,
        "count": 5
      },
      "ai_ml": {
        "mean": 0.022396387276447247,
        "std": 0.02877405254675479,
        "count": 9
      },
      "local_tools": {
        "mean": 0.09745570028750807,
        "std": 0.0824670293448865,
        "count": 8
      },
      "tech_linux": {
        "mean": 0.05409767366289105,
        "std": 0.03397925241502962,
        "count": 6
      },
      "tech_api": {
        "mean": 0.011363636363636364,
        "std": 0.01968239554055542,
        "count": 4
      },
      "tech_python": {
        "mean": 0.08926580665711101,
        "std": 0.06707192717608812,
        "count": 5
      },
      "tech_web": {
        "mean": 0.0,
        "std": 0.0,
        "count": 2
      },
      "_overall": {
        "mean": 0.06650540677712377,
        "std": 0.1469368681081573,
        "count": 49
      }
    },
    "original-large": {
      "tech_github": {
        "mean": 0.008695652173913044,
        "std": 0.017391304347826087,
        "count": 5
      },
      "tech_huggingface": {
        "mean": 0.03907692307692308,
        "std": 0.04914993363506568,
        "count": 5
      },
      "tech_docker": {
        "mean": 0.00909090909090909,
        "std": 0.01818181818181818,
        "count": 5
      },
      "ai_ml": {
        "mean": 0.013752052545155994,
        "std": 0.019693977947321865,
        "count": 9
      },